Link,Product Name
https://www.bol.com/nl/nl/p/autisme-anders-bekijken/9200000049085105/,Autisme anders bekijken.
https://www.bol.com/nl/nl/p/oei-ik-groei-de-10-sprongen-in-de-mentale-ontwikkeling/9300000048290864/,"Oei, ik groei! - De 10 sprongen in de mentale ontwikkeling!"
https://www.bol.com/nl/nl/p/toen-was-ze-weg/9300000030254931/,Toen was ze weg
https://www.bol.com/nl/nl/p/de-camino/9300000016751222/,De Camino
https://www.bol.com/nl/nl/p/daar-waar-de-rivierkreeften-zingen/9300000013285092/,Daar waar de rivierkreeften zingen
https://www.bol.com/nl/nl/p/het-bloemeneiland/9300000105090956/,Het bloemeneiland
https://www.bol.com/nl/nl/p/overprikkeld-brein/9300000085584744/,Overprikkeld brein
https://www.bol.com/nl/nl/p/casio-fx-cg50-grafische-rekenmachine/9200000082218513/,Casio FX-CG50 - Grafische rekenmachine
https://www.bol.com/nl/nl/p/traumasporen-in-lichaam-brein-en-geest/9300000120265491/,"Traumasporen in lichaam, brein en geest"
https://www.bol.com/nl/nl/p/it-ends-with-us/9200000048502954/,It Ends With Us
https://www.bol.com/nl/nl/p/collegebundel-2022-2023/9300000103153494/,Collegebundel 2022-2023
https://www.bol.com/nl/nl/p/ugly-love/9200000024567425/,Ugly Love
https://www.bol.com/nl/nl/p/collegebundel-2022-2023-limited-edition/9300000103153452/,Collegebundel 2022-2023 Limited Edition
https://www.bol.com/nl/nl/p/voor-dummies-geologie-voor-dummies/9300000087247053/,Voor Dummies - Geologie voor Dummies
https://www.bol.com/nl/nl/p/matchboox-multatuli-serie/9300000120160735/,MatchBoox - Multatuli Serie
https://www.bol.com/nl/nl/p/de-geheimen-van-de-kostschool/9300000076975289/,De geheimen van de kostschool
https://www.bol.com/nl/nl/p/traumasporen/9200000046796569/,Traumasporen
https://www.bol.com/nl/nl/p/aan-het-einde-van-de-wereld/9200000095471302/,Aan het einde van de wereld
https://www.bol.com/nl/nl/p/the-body-keeps-the-score/9200000040850820/,The Body Keeps the Score
https://www.bol.com/nl/nl/p/wie-ben-ik-als-niemand-kijkt/9300000085584791/,Wie ben ik als niemand kijkt?
https://www.bol.com/nl/nl/p/reminders-of-him/9300000043015417/,Reminders of Him
https://www.bol.com/nl/nl/p/master-your-mindset/9300000007048253/,Master Your Mindset
https://www.bol.com/nl/nl/p/verity/9300000070657610/,Verity
https://www.bol.com/nl/nl/p/atomic-habits/9200000075132383/,Atomic Habits
https://www.bol.com/nl/nl/p/gewetenloos/9300000080707626/,Gewetenloos
https://www.bol.com/nl/nl/p/het-verkeerde-meisje/9300000070331791/,Het verkeerde meisje
https://www.bol.com/nl/nl/p/motortheorieboek-2022-motor-theorieboek-motortheorie-boek-rijbewijs-a-3250-oefenvragen-50-examens-samenvatting-apps-cbr-rijbewijs-a-halen-lens-media/9300000030722933/,MotorTheorieboek 2022 - Motor Theorieboek - MotorTheorie Boek Rijbewijs A + 3250 Oefenvragen + 50 Examens + Samenvatting + Apps + CBR Rijbewijs A Halen - Lens Media
https://www.bol.com/nl/nl/p/matchboox-pesapane-serie-met-arnon-grunberg-kader-abdolah-louis-couperus-en-nelleke-noordervliet/9300000107553236/,"MatchBoox - Pesapane Serie met Arnon Grunberg, Kader Abdolah, Louis Couperus en Nelleke Noordervliet"
https://www.bol.com/nl/nl/p/de-zilverboom/9300000002145413/,De zilverboom
https://www.bol.com/nl/nl/p/autisme-anders-bekijken/9200000049085105/,Autisme anders bekijken.
https://www.bol.com/nl/nl/p/oei-ik-groei-de-10-sprongen-in-de-mentale-ontwikkeling/9300000048290864/,"Oei, ik groei! - De 10 sprongen in de mentale ontwikkeling!"
https://www.bol.com/nl/nl/p/toen-was-ze-weg/9300000030254931/,Toen was ze weg
https://www.bol.com/nl/nl/p/de-camino/9300000016751222/,De Camino
https://www.bol.com/nl/nl/p/daar-waar-de-rivierkreeften-zingen/9300000013285092/,Daar waar de rivierkreeften zingen
https://www.bol.com/nl/nl/p/het-bloemeneiland/9300000105090956/,Het bloemeneiland
https://www.bol.com/nl/nl/p/overprikkeld-brein/9300000085584744/,Overprikkeld brein
https://www.bol.com/nl/nl/p/casio-fx-cg50-grafische-rekenmachine/9200000082218513/,Casio FX-CG50 - Grafische rekenmachine
https://www.bol.com/nl/nl/p/traumasporen-in-lichaam-brein-en-geest/9300000120265491/,"Traumasporen in lichaam, brein en geest"
https://www.bol.com/nl/nl/p/it-ends-with-us/9200000048502954/,It Ends With Us
https://www.bol.com/nl/nl/p/collegebundel-2022-2023/9300000103153494/,Collegebundel 2022-2023
https://www.bol.com/nl/nl/p/ugly-love/9200000024567425/,Ugly Love
https://www.bol.com/nl/nl/p/collegebundel-2022-2023-limited-edition/9300000103153452/,Collegebundel 2022-2023 Limited Edition
https://www.bol.com/nl/nl/p/voor-dummies-geologie-voor-dummies/9300000087247053/,Voor Dummies - Geologie voor Dummies
https://www.bol.com/nl/nl/p/matchboox-multatuli-serie/9300000120160735/,MatchBoox - Multatuli Serie
https://www.bol.com/nl/nl/p/de-geheimen-van-de-kostschool/9300000076975289/,De geheimen van de kostschool
https://www.bol.com/nl/nl/p/traumasporen/9200000046796569/,Traumasporen
https://www.bol.com/nl/nl/p/aan-het-einde-van-de-wereld/9200000095471302/,Aan het einde van de wereld
https://www.bol.com/nl/nl/p/the-body-keeps-the-score/9200000040850820/,The Body Keeps the Score
https://www.bol.com/nl/nl/p/wie-ben-ik-als-niemand-kijkt/9300000085584791/,Wie ben ik als niemand kijkt?
https://www.bol.com/nl/nl/p/reminders-of-him/9300000043015417/,Reminders of Him
https://www.bol.com/nl/nl/p/master-your-mindset/9300000007048253/,Master Your Mindset
https://www.bol.com/nl/nl/p/verity/9300000070657610/,Verity
https://www.bol.com/nl/nl/p/atomic-habits/9200000075132383/,Atomic Habits
https://www.bol.com/nl/nl/p/gewetenloos/9300000080707626/,Gewetenloos
https://www.bol.com/nl/nl/p/het-verkeerde-meisje/9300000070331791/,Het verkeerde meisje
https://www.bol.com/nl/nl/p/motortheorieboek-2022-motor-theorieboek-motortheorie-boek-rijbewijs-a-3250-oefenvragen-50-examens-samenvatting-apps-cbr-rijbewijs-a-halen-lens-media/9300000030722933/,MotorTheorieboek 2022 - Motor Theorieboek - MotorTheorie Boek Rijbewijs A + 3250 Oefenvragen + 50 Examens + Samenvatting + Apps + CBR Rijbewijs A Halen - Lens Media
https://www.bol.com/nl/nl/p/matchboox-pesapane-serie-met-arnon-grunberg-kader-abdolah-louis-couperus-en-nelleke-noordervliet/9300000107553236/,"MatchBoox - Pesapane Serie met Arnon Grunberg, Kader Abdolah, Louis Couperus en Nelleke Noordervliet"
https://www.bol.com/nl/nl/p/de-zilverboom/9300000002145413/,De zilverboom
https://www.bol.com/nl/nl/p/autisme-anders-bekijken/9200000049085105/,Autisme anders bekijken.
https://www.bol.com/nl/nl/p/oei-ik-groei-de-10-sprongen-in-de-mentale-ontwikkeling/9300000048290864/,"Oei, ik groei! - De 10 sprongen in de mentale ontwikkeling!"
https://www.bol.com/nl/nl/p/toen-was-ze-weg/9300000030254931/,Toen was ze weg
https://www.bol.com/nl/nl/p/de-camino/9300000016751222/,De Camino
https://www.bol.com/nl/nl/p/daar-waar-de-rivierkreeften-zingen/9300000013285092/,Daar waar de rivierkreeften zingen
https://www.bol.com/nl/nl/p/het-bloemeneiland/9300000105090956/,Het bloemeneiland
https://www.bol.com/nl/nl/p/overprikkeld-brein/9300000085584744/,Overprikkeld brein
https://www.bol.com/nl/nl/p/casio-fx-cg50-grafische-rekenmachine/9200000082218513/,Casio FX-CG50 - Grafische rekenmachine
https://www.bol.com/nl/nl/p/traumasporen-in-lichaam-brein-en-geest/9300000120265491/,"Traumasporen in lichaam, brein en geest"
https://www.bol.com/nl/nl/p/it-ends-with-us/9200000048502954/,It Ends With Us
https://www.bol.com/nl/nl/p/collegebundel-2022-2023/9300000103153494/,Collegebundel 2022-2023
https://www.bol.com/nl/nl/p/ugly-love/9200000024567425/,Ugly Love
https://www.bol.com/nl/nl/p/collegebundel-2022-2023-limited-edition/9300000103153452/,Collegebundel 2022-2023 Limited Edition
https://www.bol.com/nl/nl/p/voor-dummies-geologie-voor-dummies/9300000087247053/,Voor Dummies - Geologie voor Dummies
https://www.bol.com/nl/nl/p/matchboox-multatuli-serie/9300000120160735/,MatchBoox - Multatuli Serie
https://www.bol.com/nl/nl/p/de-geheimen-van-de-kostschool/9300000076975289/,De geheimen van de kostschool
https://www.bol.com/nl/nl/p/traumasporen/9200000046796569/,Traumasporen
https://www.bol.com/nl/nl/p/aan-het-einde-van-de-wereld/9200000095471302/,Aan het einde van de wereld
https://www.bol.com/nl/nl/p/the-body-keeps-the-score/9200000040850820/,The Body Keeps the Score
https://www.bol.com/nl/nl/p/wie-ben-ik-als-niemand-kijkt/9300000085584791/,Wie ben ik als niemand kijkt?
https://www.bol.com/nl/nl/p/reminders-of-him/9300000043015417/,Reminders of Him
https://www.bol.com/nl/nl/p/master-your-mindset/9300000007048253/,Master Your Mindset
https://www.bol.com/nl/nl/p/verity/9300000070657610/,Verity
https://www.bol.com/nl/nl/p/atomic-habits/9200000075132383/,Atomic Habits
https://www.bol.com/nl/nl/p/gewetenloos/9300000080707626/,Gewetenloos
https://www.bol.com/nl/nl/p/het-verkeerde-meisje/9300000070331791/,Het verkeerde meisje
https://www.bol.com/nl/nl/p/motortheorieboek-2022-motor-theorieboek-motortheorie-boek-rijbewijs-a-3250-oefenvragen-50-examens-samenvatting-apps-cbr-rijbewijs-a-halen-lens-media/9300000030722933/,MotorTheorieboek 2022 - Motor Theorieboek - MotorTheorie Boek Rijbewijs A + 3250 Oefenvragen + 50 Examens + Samenvatting + Apps + CBR Rijbewijs A Halen - Lens Media
https://www.bol.com/nl/nl/p/matchboox-pesapane-serie-met-arnon-grunberg-kader-abdolah-louis-couperus-en-nelleke-noordervliet/9300000107553236/,"MatchBoox - Pesapane Serie met Arnon Grunberg, Kader Abdolah, Louis Couperus en Nelleke Noordervliet"
https://www.bol.com/nl/nl/p/de-zilverboom/9300000002145413/,De zilverboom
https://www.bol.com/nl/nl/p/autisme-anders-bekijken/9200000049085105/,Autisme anders bekijken.
https://www.bol.com/nl/nl/p/oei-ik-groei-de-10-sprongen-in-de-mentale-ontwikkeling/9300000048290864/,"Oei, ik groei! - De 10 sprongen in de mentale ontwikkeling!"
https://www.bol.com/nl/nl/p/toen-was-ze-weg/9300000030254931/,Toen was ze weg
https://www.bol.com/nl/nl/p/de-camino/9300000016751222/,De Camino
https://www.bol.com/nl/nl/p/daar-waar-de-rivierkreeften-zingen/9300000013285092/,Daar waar de rivierkreeften zingen
https://www.bol.com/nl/nl/p/het-bloemeneiland/9300000105090956/,Het bloemeneiland
https://www.bol.com/nl/nl/p/overprikkeld-brein/9300000085584744/,Overprikkeld brein
https://www.bol.com/nl/nl/p/casio-fx-cg50-grafische-rekenmachine/9200000082218513/,Casio FX-CG50 - Grafische rekenmachine
https://www.bol.com/nl/nl/p/traumasporen-in-lichaam-brein-en-geest/9300000120265491/,"Traumasporen in lichaam, brein en geest"
https://www.bol.com/nl/nl/p/it-ends-with-us/9200000048502954/,It Ends With Us
https://www.bol.com/nl/nl/p/collegebundel-2022-2023/9300000103153494/,Collegebundel 2022-2023
https://www.bol.com/nl/nl/p/ugly-love/9200000024567425/,Ugly Love
https://www.bol.com/nl/nl/p/collegebundel-2022-2023-limited-edition/9300000103153452/,Collegebundel 2022-2023 Limited Edition
https://www.bol.com/nl/nl/p/voor-dummies-geologie-voor-dummies/9300000087247053/,Voor Dummies - Geologie voor Dummies
https://www.bol.com/nl/nl/p/matchboox-multatuli-serie/9300000120160735/,MatchBoox - Multatuli Serie
https://www.bol.com/nl/nl/p/de-geheimen-van-de-kostschool/9300000076975289/,De geheimen van de kostschool
https://www.bol.com/nl/nl/p/traumasporen/9200000046796569/,Traumasporen
https://www.bol.com/nl/nl/p/aan-het-einde-van-de-wereld/9200000095471302/,Aan het einde van de wereld
https://www.bol.com/nl/nl/p/the-body-keeps-the-score/9200000040850820/,The Body Keeps the Score
https://www.bol.com/nl/nl/p/wie-ben-ik-als-niemand-kijkt/9300000085584791/,Wie ben ik als niemand kijkt?
https://www.bol.com/nl/nl/p/reminders-of-him/9300000043015417/,Reminders of Him
https://www.bol.com/nl/nl/p/master-your-mindset/9300000007048253/,Master Your Mindset
https://www.bol.com/nl/nl/p/verity/9300000070657610/,Verity
https://www.bol.com/nl/nl/p/atomic-habits/9200000075132383/,Atomic Habits
https://www.bol.com/nl/nl/p/gewetenloos/9300000080707626/,Gewetenloos
https://www.bol.com/nl/nl/p/het-verkeerde-meisje/9300000070331791/,Het verkeerde meisje
https://www.bol.com/nl/nl/p/motortheorieboek-2022-motor-theorieboek-motortheorie-boek-rijbewijs-a-3250-oefenvragen-50-examens-samenvatting-apps-cbr-rijbewijs-a-halen-lens-media/9300000030722933/,MotorTheorieboek 2022 - Motor Theorieboek - MotorTheorie Boek Rijbewijs A + 3250 Oefenvragen + 50 Examens + Samenvatting + Apps + CBR Rijbewijs A Halen - Lens Media
https://www.bol.com/nl/nl/p/matchboox-pesapane-serie-met-arnon-grunberg-kader-abdolah-louis-couperus-en-nelleke-noordervliet/9300000107553236/,"MatchBoox - Pesapane Serie met Arnon Grunberg, Kader Abdolah, Louis Couperus en Nelleke Noordervliet"
https://www.bol.com/nl/nl/p/de-zilverboom/9300000002145413/,De zilverboom
https://www.bol.com/nl/nl/p/autisme-anders-bekijken/9200000049085105/,Autisme anders bekijken.
https://www.bol.com/nl/nl/p/oei-ik-groei-de-10-sprongen-in-de-mentale-ontwikkeling/9300000048290864/,"Oei, ik groei! - De 10 sprongen in de mentale ontwikkeling!"
https://www.bol.com/nl/nl/p/toen-was-ze-weg/9300000030254931/,Toen was ze weg
https://www.bol.com/nl/nl/p/de-camino/9300000016751222/,De Camino
https://www.bol.com/nl/nl/p/daar-waar-de-rivierkreeften-zingen/9300000013285092/,Daar waar de rivierkreeften zingen
https://www.bol.com/nl/nl/p/het-bloemeneiland/9300000105090956/,Het bloemeneiland
https://www.bol.com/nl/nl/p/overprikkeld-brein/9300000085584744/,Overprikkeld brein
https://www.bol.com/nl/nl/p/casio-fx-cg50-grafische-rekenmachine/9200000082218513/,Casio FX-CG50 - Grafische rekenmachine
https://www.bol.com/nl/nl/p/traumasporen-in-lichaam-brein-en-geest/9300000120265491/,"Traumasporen in lichaam, brein en geest"
https://www.bol.com/nl/nl/p/it-ends-with-us/9200000048502954/,It Ends With Us
https://www.bol.com/nl/nl/p/collegebundel-2022-2023/9300000103153494/,Collegebundel 2022-2023
https://www.bol.com/nl/nl/p/ugly-love/9200000024567425/,Ugly Love
https://www.bol.com/nl/nl/p/collegebundel-2022-2023-limited-edition/9300000103153452/,Collegebundel 2022-2023 Limited Edition
https://www.bol.com/nl/nl/p/voor-dummies-geologie-voor-dummies/9300000087247053/,Voor Dummies - Geologie voor Dummies
https://www.bol.com/nl/nl/p/matchboox-multatuli-serie/9300000120160735/,MatchBoox - Multatuli Serie
https://www.bol.com/nl/nl/p/de-geheimen-van-de-kostschool/9300000076975289/,De geheimen van de kostschool
https://www.bol.com/nl/nl/p/traumasporen/9200000046796569/,Traumasporen
https://www.bol.com/nl/nl/p/aan-het-einde-van-de-wereld/9200000095471302/,Aan het einde van de wereld
https://www.bol.com/nl/nl/p/the-body-keeps-the-score/9200000040850820/,The Body Keeps the Score
https://www.bol.com/nl/nl/p/wie-ben-ik-als-niemand-kijkt/9300000085584791/,Wie ben ik als niemand kijkt?
https://www.bol.com/nl/nl/p/reminders-of-him/9300000043015417/,Reminders of Him
https://www.bol.com/nl/nl/p/master-your-mindset/9300000007048253/,Master Your Mindset
https://www.bol.com/nl/nl/p/verity/9300000070657610/,Verity
https://www.bol.com/nl/nl/p/atomic-habits/9200000075132383/,Atomic Habits
https://www.bol.com/nl/nl/p/gewetenloos/9300000080707626/,Gewetenloos
https://www.bol.com/nl/nl/p/het-verkeerde-meisje/9300000070331791/,Het verkeerde meisje
https://www.bol.com/nl/nl/p/motortheorieboek-2022-motor-theorieboek-motortheorie-boek-rijbewijs-a-3250-oefenvragen-50-examens-samenvatting-apps-cbr-rijbewijs-a-halen-lens-media/9300000030722933/,MotorTheorieboek 2022 - Motor Theorieboek - MotorTheorie Boek Rijbewijs A + 3250 Oefenvragen + 50 Examens + Samenvatting + Apps + CBR Rijbewijs A Halen - Lens Media
https://www.bol.com/nl/nl/p/matchboox-pesapane-serie-met-arnon-grunberg-kader-abdolah-louis-couperus-en-nelleke-noordervliet/9300000107553236/,"MatchBoox - Pesapane Serie met Arnon Grunberg, Kader Abdolah, Louis Couperus en Nelleke Noordervliet"
https://www.bol.com/nl/nl/p/de-zilverboom/9300000002145413/,De zilverboom
https://www.bol.com/nl/nl/p/toen-was-ze-weg/9300000030254931/,Toen was ze weg
https://www.bol.com/nl/nl/p/de-camino/9300000016751222/,De Camino
https://www.bol.com/nl/nl/p/daar-waar-de-rivierkreeften-zingen/9300000013285092/,Daar waar de rivierkreeften zingen
https://www.bol.com/nl/nl/p/het-bloemeneiland/9300000105090956/,Het bloemeneiland
https://www.bol.com/nl/nl/p/overprikkeld-brein/9300000085584744/,Overprikkeld brein
https://www.bol.com/nl/nl/p/casio-fx-cg50-grafische-rekenmachine/9200000082218513/,Casio FX-CG50 - Grafische rekenmachine
https://www.bol.com/nl/nl/p/traumasporen-in-lichaam-brein-en-geest/9300000120265491/,"Traumasporen in lichaam, brein en geest"
https://www.bol.com/nl/nl/p/it-ends-with-us/9200000048502954/,It Ends With Us
https://www.bol.com/nl/nl/p/collegebundel-2022-2023/9300000103153494/,Collegebundel 2022-2023
https://www.bol.com/nl/nl/p/ugly-love/9200000024567425/,Ugly Love
https://www.bol.com/nl/nl/p/collegebundel-2022-2023-limited-edition/9300000103153452/,Collegebundel 2022-2023 Limited Edition
https://www.bol.com/nl/nl/p/de-geheimen-van-de-kostschool/9300000076975289/,De geheimen van de kostschool
https://www.bol.com/nl/nl/p/traumasporen/9200000046796569/,Traumasporen
https://www.bol.com/nl/nl/p/aan-het-einde-van-de-wereld/9200000095471302/,Aan het einde van de wereld
https://www.bol.com/nl/nl/p/the-body-keeps-the-score/9200000040850820/,The Body Keeps the Score
https://www.bol.com/nl/nl/p/wie-ben-ik-als-niemand-kijkt/9300000085584791/,Wie ben ik als niemand kijkt?
https://www.bol.com/nl/nl/p/reminders-of-him/9300000043015417/,Reminders of Him
https://www.bol.com/nl/nl/p/master-your-mindset/9300000007048253/,Master Your Mindset
https://www.bol.com/nl/nl/p/verity/9300000070657610/,Verity
https://www.bol.com/nl/nl/p/atomic-habits/9200000075132383/,Atomic Habits
https://www.bol.com/nl/nl/p/gewetenloos/9300000080707626/,Gewetenloos
https://www.bol.com/nl/nl/p/het-verkeerde-meisje/9300000070331791/,Het verkeerde meisje
https://www.bol.com/nl/nl/p/de-zilverboom/9300000002145413/,De zilverboom
https://www.bol.com/nl/nl/p/autisme-anders-bekijken/9200000049085105/,Autisme anders bekijken.
https://www.bol.com/nl/nl/p/oei-ik-groei-de-10-sprongen-in-de-mentale-ontwikkeling/9300000048290864/,"Oei, ik groei! - De 10 sprongen in de mentale ontwikkeling!"
https://www.bol.com/nl/nl/p/toen-was-ze-weg/9300000030254931/,Toen was ze weg
https://www.bol.com/nl/nl/p/de-camino/9300000016751222/,De Camino
https://www.bol.com/nl/nl/p/daar-waar-de-rivierkreeften-zingen/9300000013285092/,Daar waar de rivierkreeften zingen
https://www.bol.com/nl/nl/p/het-bloemeneiland/9300000105090956/,Het bloemeneiland
https://www.bol.com/nl/nl/p/overprikkeld-brein/9300000085584744/,Overprikkeld brein
https://www.bol.com/nl/nl/p/casio-fx-cg50-grafische-rekenmachine/9200000082218513/,Casio FX-CG50 - Grafische rekenmachine
https://www.bol.com/nl/nl/p/traumasporen-in-lichaam-brein-en-geest/9300000120265491/,"Traumasporen in lichaam, brein en geest"
https://www.bol.com/nl/nl/p/it-ends-with-us/9200000048502954/,It Ends With Us
https://www.bol.com/nl/nl/p/collegebundel-2022-2023/9300000103153494/,Collegebundel 2022-2023
https://www.bol.com/nl/nl/p/ugly-love/9200000024567425/,Ugly Love
https://www.bol.com/nl/nl/p/collegebundel-2022-2023-limited-edition/9300000103153452/,Collegebundel 2022-2023 Limited Edition
https://www.bol.com/nl/nl/p/voor-dummies-geologie-voor-dummies/9300000087247053/,Voor Dummies - Geologie voor Dummies
https://www.bol.com/nl/nl/p/matchboox-multatuli-serie/9300000120160735/,MatchBoox - Multatuli Serie
https://www.bol.com/nl/nl/p/de-geheimen-van-de-kostschool/9300000076975289/,De geheimen van de kostschool
https://www.bol.com/nl/nl/p/traumasporen/9200000046796569/,Traumasporen
https://www.bol.com/nl/nl/p/aan-het-einde-van-de-wereld/9200000095471302/,Aan het einde van de wereld
https://www.bol.com/nl/nl/p/the-body-keeps-the-score/9200000040850820/,The Body Keeps the Score
https://www.bol.com/nl/nl/p/wie-ben-ik-als-niemand-kijkt/9300000085584791/,Wie ben ik als niemand kijkt?
https://www.bol.com/nl/nl/p/reminders-of-him/9300000043015417/,Reminders of Him
https://www.bol.com/nl/nl/p/master-your-mindset/9300000007048253/,Master Your Mindset
https://www.bol.com/nl/nl/p/verity/9300000070657610/,Verity
https://www.bol.com/nl/nl/p/atomic-habits/9200000075132383/,Atomic Habits
https://www.bol.com/nl/nl/p/gewetenloos/9300000080707626/,Gewetenloos
https://www.bol.com/nl/nl/p/het-verkeerde-meisje/9300000070331791/,Het verkeerde meisje
https://www.bol.com/nl/nl/p/motortheorieboek-2022-motor-theorieboek-motortheorie-boek-rijbewijs-a-3250-oefenvragen-50-examens-samenvatting-apps-cbr-rijbewijs-a-halen-lens-media/9300000030722933/,MotorTheorieboek 2022 - Motor Theorieboek - MotorTheorie Boek Rijbewijs A + 3250 Oefenvragen + 50 Examens + Samenvatting + Apps + CBR Rijbewijs A Halen - Lens Media
https://www.bol.com/nl/nl/p/matchboox-pesapane-serie-met-arnon-grunberg-kader-abdolah-louis-couperus-en-nelleke-noordervliet/9300000107553236/,"MatchBoox - Pesapane Serie met Arnon Grunberg, Kader Abdolah, Louis Couperus en Nelleke Noordervliet"
https://www.bol.com/nl/nl/p/de-zilverboom/9300000002145413/,De zilverboom
https://www.bol.com/nl/nl/p/autisme-anders-bekijken/9200000049085105/,Autisme anders bekijken.
https://www.bol.com/nl/nl/p/oei-ik-groei-de-10-sprongen-in-de-mentale-ontwikkeling/9300000048290864/,"Oei, ik groei! - De 10 sprongen in de mentale ontwikkeling!"
https://www.bol.com/nl/nl/p/toen-was-ze-weg/9300000030254931/,Toen was ze weg
https://www.bol.com/nl/nl/p/de-camino/9300000016751222/,De Camino
https://www.bol.com/nl/nl/p/daar-waar-de-rivierkreeften-zingen/9300000013285092/,Daar waar de rivierkreeften zingen
https://www.bol.com/nl/nl/p/het-bloemeneiland/9300000105090956/,Het bloemeneiland
https://www.bol.com/nl/nl/p/overprikkeld-brein/9300000085584744/,Overprikkeld brein
https://www.bol.com/nl/nl/p/casio-fx-cg50-grafische-rekenmachine/9200000082218513/,Casio FX-CG50 - Grafische rekenmachine
https://www.bol.com/nl/nl/p/traumasporen-in-lichaam-brein-en-geest/9300000120265491/,"Traumasporen in lichaam, brein en geest"
https://www.bol.com/nl/nl/p/it-ends-with-us/9200000048502954/,It Ends With Us
https://www.bol.com/nl/nl/p/collegebundel-2022-2023/9300000103153494/,Collegebundel 2022-2023
https://www.bol.com/nl/nl/p/ugly-love/9200000024567425/,Ugly Love
https://www.bol.com/nl/nl/p/collegebundel-2022-2023-limited-edition/9300000103153452/,Collegebundel 2022-2023 Limited Edition
https://www.bol.com/nl/nl/p/voor-dummies-geologie-voor-dummies/9300000087247053/,Voor Dummies - Geologie voor Dummies
https://www.bol.com/nl/nl/p/matchboox-multatuli-serie/9300000120160735/,MatchBoox - Multatuli Serie
https://www.bol.com/nl/nl/p/de-geheimen-van-de-kostschool/9300000076975289/,De geheimen van de kostschool
https://www.bol.com/nl/nl/p/traumasporen/9200000046796569/,Traumasporen
https://www.bol.com/nl/nl/p/aan-het-einde-van-de-wereld/9200000095471302/,Aan het einde van de wereld
https://www.bol.com/nl/nl/p/the-body-keeps-the-score/9200000040850820/,The Body Keeps the Score
https://www.bol.com/nl/nl/p/wie-ben-ik-als-niemand-kijkt/9300000085584791/,Wie ben ik als niemand kijkt?
https://www.bol.com/nl/nl/p/reminders-of-him/9300000043015417/,Reminders of Him
https://www.bol.com/nl/nl/p/master-your-mindset/9300000007048253/,Master Your Mindset
https://www.bol.com/nl/nl/p/verity/9300000070657610/,Verity
https://www.bol.com/nl/nl/p/atomic-habits/9200000075132383/,Atomic Habits
https://www.bol.com/nl/nl/p/gewetenloos/9300000080707626/,Gewetenloos
https://www.bol.com/nl/nl/p/het-verkeerde-meisje/9300000070331791/,Het verkeerde meisje
https://www.bol.com/nl/nl/p/motortheorieboek-2022-motor-theorieboek-motortheorie-boek-rijbewijs-a-3250-oefenvragen-50-examens-samenvatting-apps-cbr-rijbewijs-a-halen-lens-media/9300000030722933/,MotorTheorieboek 2022 - Motor Theorieboek - MotorTheorie Boek Rijbewijs A + 3250 Oefenvragen + 50 Examens + Samenvatting + Apps + CBR Rijbewijs A Halen - Lens Media
https://www.bol.com/nl/nl/p/matchboox-pesapane-serie-met-arnon-grunberg-kader-abdolah-louis-couperus-en-nelleke-noordervliet/9300000107553236/,"MatchBoox - Pesapane Serie met Arnon Grunberg, Kader Abdolah, Louis Couperus en Nelleke Noordervliet"
https://www.bol.com/nl/nl/p/de-zilverboom/9300000002145413/,De zilverboom
https://www.bol.com/nl/nl/p/autisme-anders-bekijken/9200000049085105/,Autisme anders bekijken.
https://www.bol.com/nl/nl/p/oei-ik-groei-de-10-sprongen-in-de-mentale-ontwikkeling/9300000048290864/,"Oei, ik groei! - De 10 sprongen in de mentale ontwikkeling!"
https://www.bol.com/nl/nl/p/toen-was-ze-weg/9300000030254931/,Toen was ze weg
https://www.bol.com/nl/nl/p/de-camino/9300000016751222/,De Camino
https://www.bol.com/nl/nl/p/daar-waar-de-rivierkreeften-zingen/9300000013285092/,Daar waar de rivierkreeften zingen
https://www.bol.com/nl/nl/p/het-bloemeneiland/9300000105090956/,Het bloemeneiland
https://www.bol.com/nl/nl/p/overprikkeld-brein/9300000085584744/,Overprikkeld brein
https://www.bol.com/nl/nl/p/casio-fx-cg50-grafische-rekenmachine/9200000082218513/,Casio FX-CG50 - Grafische rekenmachine
https://www.bol.com/nl/nl/p/traumasporen-in-lichaam-brein-en-geest/9300000120265491/,"Traumasporen in lichaam, brein en geest"
https://www.bol.com/nl/nl/p/it-ends-with-us/9200000048502954/,It Ends With Us
https://www.bol.com/nl/nl/p/collegebundel-2022-2023/9300000103153494/,Collegebundel 2022-2023
https://www.bol.com/nl/nl/p/ugly-love/9200000024567425/,Ugly Love
https://www.bol.com/nl/nl/p/collegebundel-2022-2023-limited-edition/9300000103153452/,Collegebundel 2022-2023 Limited Edition
https://www.bol.com/nl/nl/p/voor-dummies-geologie-voor-dummies/9300000087247053/,Voor Dummies - Geologie voor Dummies
https://www.bol.com/nl/nl/p/matchboox-multatuli-serie/9300000120160735/,MatchBoox - Multatuli Serie
https://www.bol.com/nl/nl/p/de-geheimen-van-de-kostschool/9300000076975289/,De geheimen van de kostschool
https://www.bol.com/nl/nl/p/traumasporen/9200000046796569/,Traumasporen
https://www.bol.com/nl/nl/p/aan-het-einde-van-de-wereld/9200000095471302/,Aan het einde van de wereld
https://www.bol.com/nl/nl/p/the-body-keeps-the-score/9200000040850820/,The Body Keeps the Score
https://www.bol.com/nl/nl/p/wie-ben-ik-als-niemand-kijkt/9300000085584791/,Wie ben ik als niemand kijkt?
https://www.bol.com/nl/nl/p/reminders-of-him/9300000043015417/,Reminders of Him
https://www.bol.com/nl/nl/p/master-your-mindset/9300000007048253/,Master Your Mindset
https://www.bol.com/nl/nl/p/verity/9300000070657610/,Verity
https://www.bol.com/nl/nl/p/atomic-habits/9200000075132383/,Atomic Habits
https://www.bol.com/nl/nl/p/gewetenloos/9300000080707626/,Gewetenloos
https://www.bol.com/nl/nl/p/het-verkeerde-meisje/9300000070331791/,Het verkeerde meisje
https://www.bol.com/nl/nl/p/motortheorieboek-2022-motor-theorieboek-motortheorie-boek-rijbewijs-a-3250-oefenvragen-50-examens-samenvatting-apps-cbr-rijbewijs-a-halen-lens-media/9300000030722933/,MotorTheorieboek 2022 - Motor Theorieboek - MotorTheorie Boek Rijbewijs A + 3250 Oefenvragen + 50 Examens + Samenvatting + Apps + CBR Rijbewijs A Halen - Lens Media
https://www.bol.com/nl/nl/p/matchboox-pesapane-serie-met-arnon-grunberg-kader-abdolah-louis-couperus-en-nelleke-noordervliet/9300000107553236/,"MatchBoox - Pesapane Serie met Arnon Grunberg, Kader Abdolah, Louis Couperus en Nelleke Noordervliet"
https://www.bol.com/nl/nl/p/de-zilverboom/9300000002145413/,De zilverboom
https://www.bol.com/nl/nl/p/autisme-anders-bekijken/9200000049085105/,Autisme anders bekijken.
https://www.bol.com/nl/nl/p/oei-ik-groei-de-10-sprongen-in-de-mentale-ontwikkeling/9300000048290864/,"Oei, ik groei! - De 10 sprongen in de mentale ontwikkeling!"
https://www.bol.com/nl/nl/p/toen-was-ze-weg/9300000030254931/,Toen was ze weg
https://www.bol.com/nl/nl/p/de-camino/9300000016751222/,De Camino
https://www.bol.com/nl/nl/p/daar-waar-de-rivierkreeften-zingen/9300000013285092/,Daar waar de rivierkreeften zingen
https://www.bol.com/nl/nl/p/het-bloemeneiland/9300000105090956/,Het bloemeneiland
https://www.bol.com/nl/nl/p/overprikkeld-brein/9300000085584744/,Overprikkeld brein
https://www.bol.com/nl/nl/p/casio-fx-cg50-grafische-rekenmachine/9200000082218513/,Casio FX-CG50 - Grafische rekenmachine
https://www.bol.com/nl/nl/p/traumasporen-in-lichaam-brein-en-geest/9300000120265491/,"Traumasporen in lichaam, brein en geest"
https://www.bol.com/nl/nl/p/it-ends-with-us/9200000048502954/,It Ends With Us
https://www.bol.com/nl/nl/p/collegebundel-2022-2023/9300000103153494/,Collegebundel 2022-2023
https://www.bol.com/nl/nl/p/ugly-love/9200000024567425/,Ugly Love
https://www.bol.com/nl/nl/p/collegebundel-2022-2023-limited-edition/9300000103153452/,Collegebundel 2022-2023 Limited Edition
https://www.bol.com/nl/nl/p/voor-dummies-geologie-voor-dummies/9300000087247053/,Voor Dummies - Geologie voor Dummies
https://www.bol.com/nl/nl/p/matchboox-multatuli-serie/9300000120160735/,MatchBoox - Multatuli Serie
https://www.bol.com/nl/nl/p/de-geheimen-van-de-kostschool/9300000076975289/,De geheimen van de kostschool
https://www.bol.com/nl/nl/p/traumasporen/9200000046796569/,Traumasporen
https://www.bol.com/nl/nl/p/aan-het-einde-van-de-wereld/9200000095471302/,Aan het einde van de wereld
https://www.bol.com/nl/nl/p/the-body-keeps-the-score/9200000040850820/,The Body Keeps the Score
https://www.bol.com/nl/nl/p/wie-ben-ik-als-niemand-kijkt/9300000085584791/,Wie ben ik als niemand kijkt?
https://www.bol.com/nl/nl/p/reminders-of-him/9300000043015417/,Reminders of Him
https://www.bol.com/nl/nl/p/master-your-mindset/9300000007048253/,Master Your Mindset
https://www.bol.com/nl/nl/p/verity/9300000070657610/,Verity
https://www.bol.com/nl/nl/p/atomic-habits/9200000075132383/,Atomic Habits
https://www.bol.com/nl/nl/p/gewetenloos/9300000080707626/,Gewetenloos
https://www.bol.com/nl/nl/p/het-verkeerde-meisje/9300000070331791/,Het verkeerde meisje
https://www.bol.com/nl/nl/p/motortheorieboek-2022-motor-theorieboek-motortheorie-boek-rijbewijs-a-3250-oefenvragen-50-examens-samenvatting-apps-cbr-rijbewijs-a-halen-lens-media/9300000030722933/,MotorTheorieboek 2022 - Motor Theorieboek - MotorTheorie Boek Rijbewijs A + 3250 Oefenvragen + 50 Examens + Samenvatting + Apps + CBR Rijbewijs A Halen - Lens Media
https://www.bol.com/nl/nl/p/matchboox-pesapane-serie-met-arnon-grunberg-kader-abdolah-louis-couperus-en-nelleke-noordervliet/9300000107553236/,"MatchBoox - Pesapane Serie met Arnon Grunberg, Kader Abdolah, Louis Couperus en Nelleke Noordervliet"
https://www.bol.com/nl/nl/p/de-zilverboom/9300000002145413/,De zilverboom
